[{"login": "timmonsalice6", "password": "dgtinfdlk523f"}, {"login": "melissaramacey679", "password": "gshkndrgnx46bcr"}, {"login": "jennydonovan853", "password": "cxgkndfgksdfh542b"}, {"login": "lizagate6", "password": "bngdkrnhase46"}, {"login": "duncanjoanna6", "password": "hgdjrdsehl45g4"}, {"login": "colemanmaria6750", "password": "gdksvnjd62s"}, {"login": "birchstella1", "password": "hdksvnsekhd3"}, {"login": "careymonica80", "password": "kxrgkn4gxkehdr"}, {"login": "barringtonalyssa6", "password": "gjsderkchk5w"}, {"login": "bawermansamantha8", "password": "jdrusnejfs54bdf"}]