https://www.instagram.com/p/COtC6tKLbJ1,1302180
https://www.instagram.com/p/CRLJN-or7DE,563377
https://www.instagram.com/p/BrBhakrFUdf,514559
https://www.instagram.com/p/CSUY2lisL5K,425690
https://www.instagram.com/p/BkgXV7LHwm6,402913
https://www.instagram.com/p/BUPOT5BDXIT,390711
https://www.instagram.com/p/CTO-ldLgiVr,346732
https://www.instagram.com/p/Bnc5gMAhCbD,336745
https://www.instagram.com/p/CC3ffwbDEM5,322105
https://www.instagram.com/p/CW4Rmv6KmZh,315747
https://www.instagram.com/p/CQvll8KrRle,310572
https://www.instagram.com/p/CTFb3x2DF44,306242
https://www.instagram.com/p/BHA-Ws7Dp3l,290364
https://www.instagram.com/p/CScQpP_sNsF,282082
https://www.instagram.com/p/CUa5YUGIbZZ,269470
https://www.instagram.com/p/BU7IqUkFlzb,262832
https://www.instagram.com/p/CaPRRT3A2ZD,252073
https://www.instagram.com/p/BlTYHvXFrvm,242670
https://www.instagram.com/p/CTfKR9wLkJa,240656
https://www.instagram.com/p/CTsAYzRolo-,236146
https://www.instagram.com/p/Bzl54kBiKN5,228801
https://www.instagram.com/p/CW3mpkfgtn8,227122
https://www.instagram.com/p/Bkag2JUlvcv,217114
https://www.instagram.com/p/B6RNPBsg1wo,213523
https://www.instagram.com/p/Cc-IQ6OrDHL,210520
https://www.instagram.com/p/CZnOsSxgqoO,201345
https://www.instagram.com/p/CQpMGVtswji,201054
https://www.instagram.com/p/BlGE833BJzK,199697
https://www.instagram.com/p/CAqIhi8Agww,195683
https://www.instagram.com/p/CSKB09IjJ_s,194701
https://www.instagram.com/p/BuKvXKXlM6-,189327
https://www.instagram.com/p/CRxGVwBrBjb,185014
https://www.instagram.com/p/B8Ly6IPIblV,184486
https://www.instagram.com/p/BV7m0IZFj_p,182003
https://www.instagram.com/p/BkAUo20HuS4,177010
https://www.instagram.com/p/Bkdr14clTCg,177010
https://www.instagram.com/p/Be0ZuuuFs9Y,176534
https://www.instagram.com/p/CbBBLYmAEPv,175794
https://www.instagram.com/p/CRAvynwLbqy,175744
https://www.instagram.com/p/Bks_eQ4Fc1F,174333
https://www.instagram.com/p/CDytey_CZd3,171300
https://www.instagram.com/p/CK7D_oPAIOj,167878
https://www.instagram.com/p/CSr6U6agU4_,167722
https://www.instagram.com/p/B-jykkWAhiM,166842
https://www.instagram.com/p/CTWiaHngNEW,160678
https://www.instagram.com/p/CDpPYK8CR9Q,157759
https://www.instagram.com/p/CVQ846lqF7N,155480
https://www.instagram.com/p/CIBa_OCgb7g,154305
https://www.instagram.com/p/CRM8lESqINn,154300
https://www.instagram.com/p/BkD01RZltst,153349
https://www.instagram.com/p/CeR5IgSN9W_,152571
https://www.instagram.com/p/CRds8jCLTz9,152191
https://www.instagram.com/p/Bsr2g_fl9M0,150998
https://www.instagram.com/p/B8M8MAUA-jY,150644
https://www.instagram.com/p/BtoSfqDIc3u,149614
https://www.instagram.com/p/CBhQrsQgJCb,149326
https://www.instagram.com/p/B19-Je9g0xa,149170
https://www.instagram.com/p/BbaImIfFr0h,148789
https://www.instagram.com/p/Bkm7b-OhDp4,148499
https://www.instagram.com/p/Bw76bHQlyDE,147890
https://www.instagram.com/p/CG5PkGkATiB,147342
https://www.instagram.com/p/CY4JoX7oSrg,146642
https://www.instagram.com/p/CArbHGBgwrZ,145988
https://www.instagram.com/p/BhIGSssFYZ2,145560
https://www.instagram.com/p/CFjb7KrCMBg,144735
https://www.instagram.com/p/CcszHJ-on3O,144476
https://www.instagram.com/p/CGmmKdbg64_,144342
https://www.instagram.com/p/CGpVSHtgRha,144095
https://www.instagram.com/p/Bu7ceU9gj5o,143483
https://www.instagram.com/p/CYlofHNoOB4,143050
https://www.instagram.com/p/B2xLPj1i3Gk,139488
https://www.instagram.com/p/Cg2Ky4SgjYr,136937
https://www.instagram.com/p/CUYnHwkq6Rg,136752
https://www.instagram.com/p/Cg3s5kljQaS,136416
https://www.instagram.com/p/CUYXN1ds7Bm,136179
https://www.instagram.com/p/CSFR5TwrtnD,135754
https://www.instagram.com/p/CW_0MMJocyE,135639
https://www.instagram.com/p/BXSt62SFYWj,135406
https://www.instagram.com/p/CZNLhdIrMQI,134604
https://www.instagram.com/p/B4OlTk0lT96,133138
https://www.instagram.com/p/CIBeukIlowA,132512
https://www.instagram.com/p/B6OtitlIzgN,131907
https://www.instagram.com/p/Bv91CWkAytG,129328
https://www.instagram.com/p/CPEqZnsAH5G,127932
https://www.instagram.com/p/CY2A5nery4T,127123
https://www.instagram.com/p/Bo0Dt_UhkXE,126725
https://www.instagram.com/p/RcRUdwhpXV,126244
https://www.instagram.com/p/6ljd6Dr8cT,125014
https://www.instagram.com/p/CZWmkSMgpE4,124927
https://www.instagram.com/p/BrjnO6Fl4Ja,123890
https://www.instagram.com/p/CTS4NVEDBlw,123528
https://www.instagram.com/p/BhZmlQzhw5U,123356
https://www.instagram.com/p/BawpN8enjvI,122144
https://www.instagram.com/p/CQgQlKPKuJH,121902
https://www.instagram.com/p/CcnAKiZjQn8,121795
https://www.instagram.com/p/BQQOT8-FnA3,120976
https://www.instagram.com/p/COKhn8wAss5,120448
https://www.instagram.com/p/CXd0unvAY0Y,120426
https://www.instagram.com/p/CVbRnvFgxpV,120334
https://www.instagram.com/p/Bu4Fo4lnqac,120261
https://www.instagram.com/p/CXRnM98KyNz,118791
https://www.instagram.com/p/B5llakkim5N,118630
https://www.instagram.com/p/CB8DaHpABcK,118347
https://www.instagram.com/p/0815crL8cM,117993
https://www.instagram.com/p/CZUbDJiA4ud,117350
https://www.instagram.com/p/CTekKbCg1oS,116805
https://www.instagram.com/p/BcINe_TFj_5,116212
https://www.instagram.com/p/Cf_4oEBo0Dm,116208
https://www.instagram.com/p/CPJJCuElIew,116199
https://www.instagram.com/p/CYzClkFgsNX,115955
https://www.instagram.com/p/CNyOTckrpnt,115644
https://www.instagram.com/p/CcJOsCELdXk,115487
https://www.instagram.com/p/Cd6SRadrKJ9,114979
https://www.instagram.com/p/CToFgbAMo5K,114664
https://www.instagram.com/p/CQ9G3vdL7a4,114434
https://www.instagram.com/p/6BQt0mPM-N,114033
https://www.instagram.com/p/CGZuPbKgJ3r,114010
https://www.instagram.com/p/CDtyxxCAluC,113868
https://www.instagram.com/p/BjiEI_5gbMV,113168
https://www.instagram.com/p/B2xFV0PAF6a,110241
https://www.instagram.com/p/Bmls5atFhat,110116
https://www.instagram.com/p/CG9w5HZgITx,109877
https://www.instagram.com/p/BcalqxGlAd8,109731
https://www.instagram.com/p/CILkkcKlV2Z,109617
https://www.instagram.com/p/CZJ2aWFgpsN,109366
https://www.instagram.com/p/CdoWrugLhao,109209
https://www.instagram.com/p/B4RB3rjFteP,109078
https://www.instagram.com/p/CTUhkHCAFtd,108629
https://www.instagram.com/p/CVqcOxsgjY7,108331
https://www.instagram.com/p/CX4a9XjrCKr,107945
https://www.instagram.com/p/BzGlaCSCDnb,107456
https://www.instagram.com/p/CcaymUUMVhM,107341
https://www.instagram.com/p/CcWTfqJLy-f,107046
https://www.instagram.com/p/CGu9B4LgVMd,107038
https://www.instagram.com/p/B5lpnXXgbiT,106974
https://www.instagram.com/p/BGgKsIUvM7I,106922
https://www.instagram.com/p/CVynDxFoQFH,106332
https://www.instagram.com/p/B-6_3FugRaE,105864
https://www.instagram.com/p/CSe_OnpD93E,105051
https://www.instagram.com/p/CZhk8goBpDL,104957
https://www.instagram.com/p/CBh71KRgsOx,104504
https://www.instagram.com/p/Bn-Za2KhdR5,104156
https://www.instagram.com/p/B7EKeYyAohZ,102763
https://www.instagram.com/p/CTplwP6gZBX,101998
https://www.instagram.com/p/BHpKlqUgPRp,101103
https://www.instagram.com/p/BkHvvCslgwk,100776
https://www.instagram.com/p/Bm1_vqGBh20,100654
https://www.instagram.com/p/CD7ii2FAPqb,100594
https://www.instagram.com/p/BjRQPZqFtF8,100435
https://www.instagram.com/p/B-b6f7_gooQ,100347
https://www.instagram.com/p/B1eXVHMA9AT,100268
https://www.instagram.com/p/CRovOqCryu_,99702
https://www.instagram.com/p/COdSO0hqjWZ,99429
https://www.instagram.com/p/CQLO_lcAyQp,99303
https://www.instagram.com/p/Bx2IXW2oxtg,99077
https://www.instagram.com/p/CewbqSQq7Wl,98898
https://www.instagram.com/p/Bya9cFQo9Zd,98420
https://www.instagram.com/p/CTcIj02DogM,98108
https://www.instagram.com/p/Cab6jEQsI_D,98105
https://www.instagram.com/p/Bu_ZjOXFkDO,97886
https://www.instagram.com/p/BgJMXQFn4hq,97748
https://www.instagram.com/p/CDUDM7XgxH3,97674
https://www.instagram.com/p/BstmkvDFGAm,97404
https://www.instagram.com/p/BsDY5oZAJl6,97388
https://www.instagram.com/p/CaA7SjJgN4o,96643
https://www.instagram.com/p/CTQcMGECj5H,96143
https://www.instagram.com/p/CLg4-gFg4RZ,96129
https://www.instagram.com/p/B20F1z8gG0O,96118
https://www.instagram.com/p/BupH_Yln57b,95780
https://www.instagram.com/p/CO1z9mari7x,95198
https://www.instagram.com/p/CXBnygwAHMo,94740
https://www.instagram.com/p/CQ4_63Wrott,94471
https://www.instagram.com/p/BlDn1lnhak9,94244
https://www.instagram.com/p/CRLbxOHLf8o,94129
https://www.instagram.com/p/BoEepK9BrTY,93675
https://www.instagram.com/p/B-t9UMlAcP0,93502
https://www.instagram.com/p/BoKFh2DBZ2b,93227
https://www.instagram.com/p/CQqPYSLraY0,93174
https://www.instagram.com/p/CJnu9xJgagl,92833
https://www.instagram.com/p/Cbka2SWM5iG,92474
https://www.instagram.com/p/CIjaK4QgMjR,92466
https://www.instagram.com/p/Brx-adXA9C1,92329
https://www.instagram.com/p/BlBucrjlXdV,92088
https://www.instagram.com/p/BpfA8AiHULK,92041
https://www.instagram.com/p/CYrdI2hMPFo,92009
https://www.instagram.com/p/CGssTO-g331,91978
https://www.instagram.com/p/BwxoMQflAf6,91728
https://www.instagram.com/p/CSlwWhbDTOX,91455
https://www.instagram.com/p/Bw-ISYiAMq8,91423
https://www.instagram.com/p/COVCx3rLKkX,91313
https://www.instagram.com/p/CQNt2D2AsRO,91070
https://www.instagram.com/p/Bfyn9pLlTxb,91056
https://www.instagram.com/p/CSe2s5GjNvg,90971
https://www.instagram.com/p/CecBC1KLvJI,90815
https://www.instagram.com/p/CBS7Sm_A810,90247
https://www.instagram.com/p/CYKhpCrMoYx,90086
https://www.instagram.com/p/CC3k2NZj3kH,89921
https://www.instagram.com/p/BthKKKOgiLp,89867
https://www.instagram.com/p/Cc59jtvjk_0,89391
https://www.instagram.com/p/BQ_danhFTof,89340
https://www.instagram.com/p/B-mvvtxA_6D,89322
https://www.instagram.com/p/CQCTx7jryqJ,88853
https://www.instagram.com/p/CVCrMCpL3Mp,88745
https://www.instagram.com/p/CanJUfIAnrY,88643
https://www.instagram.com/p/CSpc7xiMjCO,88411
https://www.instagram.com/p/Bt19bmLAVPz,88388
https://www.instagram.com/p/BmgbzUVl73u,87952
https://www.instagram.com/p/qP7TbPvM8T,87937
https://www.instagram.com/p/CZwzF7aA9ZV,87880
https://www.instagram.com/p/CXWtudNLvVR,87657
https://www.instagram.com/p/CDorgwAAx6k,87500
https://www.instagram.com/p/CQg-WU8qGKU,87095
https://www.instagram.com/p/B9fQ0oXgpwe,86769
https://www.instagram.com/p/BkQJFCzlZ6d,86245
https://www.instagram.com/p/B_HZpaRA25Y,86208
https://www.instagram.com/p/CQMW7BiAZFR,86135
https://www.instagram.com/p/BsSrlrzgbQ2,85858
https://www.instagram.com/p/BpFoeT4h4qd,85711
https://www.instagram.com/p/CWpz68TgEl9,85527
https://www.instagram.com/p/Btmm6FHlGsW,85356
https://www.instagram.com/p/B55gk8DAL3Z,85251
https://www.instagram.com/p/BsP4tmrg_eM,85125
https://www.instagram.com/p/4VULv6PM2K,85022
https://www.instagram.com/p/B6pv5lbAjfK,84271
https://www.instagram.com/p/CG4x9CJAx6m,83972
https://www.instagram.com/p/BuUA1A2A4-O,83971
https://www.instagram.com/p/BJDh4mqDRUf,83726
https://www.instagram.com/p/CCB6sLpgnU_,83553
https://www.instagram.com/p/CQSVjqor1cU,83415
https://www.instagram.com/p/B5B-2R8gfZx,83367
https://www.instagram.com/p/CD3bDDpAFp3,82760
https://www.instagram.com/p/CAwdxcvggeW,82702
https://www.instagram.com/p/BI0TZZ0DsDm,82687
https://www.instagram.com/p/CENHmmqgOfb,82500
https://www.instagram.com/p/Cdat7bZA5KU,82434
https://www.instagram.com/p/CC3h-VZjrXv,82423
https://www.instagram.com/p/CC3zixqDZTj,82367
https://www.instagram.com/p/ykuBpnCYmr,81806
https://www.instagram.com/p/CVXzlPtsoJj,81792
https://www.instagram.com/p/BvH0Y5uHqNJ,81502
https://www.instagram.com/p/BoN6XnfB-RZ,81418
https://www.instagram.com/p/CYCtghHsMyD,81203
https://www.instagram.com/p/CSCg4IBMaRD,81150
https://www.instagram.com/p/CE47vVCAXDR,81055
https://www.instagram.com/p/BpADdmuFzV6,80949
https://www.instagram.com/p/BVvxxTLF_Pc,80938
https://www.instagram.com/p/B76UQsQIHSU,80733
https://www.instagram.com/p/Bv4XtlNIlgN,80705
https://www.instagram.com/p/BmwAZo7FDWg,80675
https://www.instagram.com/p/BNNFKxtjTEq,80608
https://www.instagram.com/p/CfPKS8jsEyN,80521
https://www.instagram.com/p/BHtkWkUg95l,80498
https://www.instagram.com/p/B9kvv79AAUw,80122
https://www.instagram.com/p/CespsmHA7g-,80099
https://www.instagram.com/p/BynJWU8CnXm,80000
https://www.instagram.com/p/B78JB02H9_N,79836
https://www.instagram.com/p/CZ9t9n1gM6N,79555
https://www.instagram.com/p/BcK0KzDlpMI,79294
https://www.instagram.com/p/zxvIM9r8ZD,79248
https://www.instagram.com/p/CRZQ4UhLAZZ,79235
https://www.instagram.com/p/BwmyBuclxzo,79233
https://www.instagram.com/p/BlCy6TxlmMN,79144
https://www.instagram.com/p/CO3lYc_D7k9,79027
https://www.instagram.com/p/CRLN06SrIOx,79021
https://www.instagram.com/p/BqxTlYQAiBG,79003
https://www.instagram.com/p/CNkAc_QgjdU,78919
https://www.instagram.com/p/BltNxAxlS27,78570
https://www.instagram.com/p/CPEP3Jbrjg8,78567
https://www.instagram.com/p/BymA49XATOh,78244
https://www.instagram.com/p/CQiQIBWA69G,78207
https://www.instagram.com/p/CRH5HayrgFW,78186
https://www.instagram.com/p/BUhvaQulaPd,78111
https://www.instagram.com/p/CUQFmLRon6l,78018
https://www.instagram.com/p/BzuQdUjgvtE,78003
https://www.instagram.com/p/CaHOOwJqg9l,77916
https://www.instagram.com/p/CXgSATFsg7K,77905
https://www.instagram.com/p/BjYuTa7HBtV,77843
https://www.instagram.com/p/yvCRB1BpcN,77731
https://www.instagram.com/p/BzjWxzMATpJ,77646
https://www.instagram.com/p/B12Ag16Fn77,77487
https://www.instagram.com/p/Bx-YwjwAKvt,77471
https://www.instagram.com/p/BjzDdrOFhOH,77448
https://www.instagram.com/p/CCbgEBhASKP,77351
https://www.instagram.com/p/B-IpR_DgoTx,77308
https://www.instagram.com/p/BqR89xuABL7,77229
https://www.instagram.com/p/CN2cF1rgWX7,77025
https://www.instagram.com/p/CPRNPVjpvW3,76920
https://www.instagram.com/p/CSHewJOsCcd,76852
https://www.instagram.com/p/BsbIlwCAV-g,76734
https://www.instagram.com/p/CaVlBHaAPkh,76525
https://www.instagram.com/p/BzwVXjngARh,76317
https://www.instagram.com/p/CYb9KkEgxtF,75912
https://www.instagram.com/p/B0omr9Og8hN,75801
https://www.instagram.com/p/BDgf4GVBpVA,75730
https://www.instagram.com/p/CRL3iDIqzRw,75648
https://www.instagram.com/p/CQrC-XTsFa_,75482
https://www.instagram.com/p/BX3HP3_l1_Q,75384
https://www.instagram.com/p/BmS-X8YlQmb,75153
https://www.instagram.com/p/Bm3AVlSBbO2,75078
https://www.instagram.com/p/CWUsU5eDkuO,74897
https://www.instagram.com/p/BQJMNEegeXf,74624
https://www.instagram.com/p/BrqAwZ7FBa7,74544
https://www.instagram.com/p/Bs8waFIgyxt,74517
https://www.instagram.com/p/CT40LcYIXN-,74436
https://www.instagram.com/p/ByqIlixHM87,74356
https://www.instagram.com/p/BlDpAeUhgWx,74053
https://www.instagram.com/p/CDyokwmAjnX,74036
https://www.instagram.com/p/Bq_JLE9FcmF,74028
https://www.instagram.com/p/BnBbQBkFZ-I,73945
https://www.instagram.com/p/Cb4-fw7ghwj,73903
https://www.instagram.com/p/Br3Feo6HZjv,73758
https://www.instagram.com/p/BukxzmCF2uJ,73736
https://www.instagram.com/p/CeHfSJiLblU,73718
https://www.instagram.com/p/CRtRA2nrCtt,73669
https://www.instagram.com/p/BT3PjaKFrgv,73654
https://www.instagram.com/p/CW542EZofm8,73536
https://www.instagram.com/p/CgWg7Vzgt8H,73524
https://www.instagram.com/p/B8I7u3CggRZ,73475
https://www.instagram.com/p/CQ6S2TwLrZ5,73283
https://www.instagram.com/p/B8DEk3zHurf,73033
https://www.instagram.com/p/06P8yar8cH,73026
https://www.instagram.com/p/BhH_UW9lgYn,72978
https://www.instagram.com/p/Bwhz1hCAAAJ,72975
https://www.instagram.com/p/CR4P0ooKNwp,72961
https://www.instagram.com/p/CMW-PjagORJ,72912
https://www.instagram.com/p/CSzcV15g5V_,72831
https://www.instagram.com/p/CRH1yx6r1sU,72773
https://www.instagram.com/p/B5K437UFgc1,72715
https://www.instagram.com/p/CAM3X7OAJ28,72612
https://www.instagram.com/p/B_oBwIuAuss,72339
https://www.instagram.com/p/CcdJXI1Mw2k,72299
https://www.instagram.com/p/BzY5LSGibcE,72261
https://www.instagram.com/p/CMfWy4Jpse9,72226
https://www.instagram.com/p/B7DuHeOg4xB,71962
https://www.instagram.com/p/B9rh_jBAMQF,71696
https://www.instagram.com/p/CJuMtdDLfXC,71296
https://www.instagram.com/p/CEwiKAGiEIT,71260
https://www.instagram.com/p/CMkXTBrHQH1,71259
https://www.instagram.com/p/CCl0vwOg8Dc,71176
https://www.instagram.com/p/CK4BU2yAyIe,71107
https://www.instagram.com/p/CQfuUQpgXOG,70922
https://www.instagram.com/p/CRuKCxji7RL,70835
https://www.instagram.com/p/B-5J9YCADVJ,70743
https://www.instagram.com/p/CYKrh8xIi_1,70716
https://www.instagram.com/p/Ce3p8WDrR7n,70690
https://www.instagram.com/p/Bk6Fsx4hvMe,70668
https://www.instagram.com/p/BcMefsFFbup,70654
https://www.instagram.com/p/Bg7Xey5hjrB,70637
https://www.instagram.com/p/B_vO41tgbfB,70377
https://www.instagram.com/p/BnUAxPTlAKS,70308
https://www.instagram.com/p/CWodSmFgQgR,70304
https://www.instagram.com/p/5FfhLXiYiO,70294
https://www.instagram.com/p/CO-4YDPrjgR,70265
https://www.instagram.com/p/BKEAtTtDzhE,70249
https://www.instagram.com/p/qfOs2piYlU,70235
https://www.instagram.com/p/CR6Oox3Li98,70151
https://www.instagram.com/p/B5g1azXABvn,70071
https://www.instagram.com/p/BpP3svQFlQs,70059
https://www.instagram.com/p/BvMBMDTFh83,70049
https://www.instagram.com/p/CfUDKx1DJgN,69970
https://www.instagram.com/p/CIylcQjF70s,69624
https://www.instagram.com/p/BobkVrzHAKV,69543
https://www.instagram.com/p/By557iVHlxE,69460
https://www.instagram.com/p/CV5iH7jIpHQ,69391
https://www.instagram.com/p/Bu4Gw0kgLEd,69305
https://www.instagram.com/p/CTmlQNeDXSZ,69284
https://www.instagram.com/p/CAGQeTYg2Ny,69158
https://www.instagram.com/p/CQrDDv8MtQx,69114
https://www.instagram.com/p/B3g371GIdey,68887
https://www.instagram.com/p/B7zQaZpAi82,68784
https://www.instagram.com/p/xP10uHiYiy,68747
https://www.instagram.com/p/CRMAcI4Ho82,68670
https://www.instagram.com/p/CbV2lBqtcYZ,68461
https://www.instagram.com/p/BriJTDKn0iA,68436
https://www.instagram.com/p/CS_XECHAB_-,68379
https://www.instagram.com/p/CUAx3idgVpD,68337
https://www.instagram.com/p/CAg7S6pgvoh,68336
https://www.instagram.com/p/CSWOyFuAG85,68303
https://www.instagram.com/p/CbvAsyyAtFo,68218
https://www.instagram.com/p/Bs1JE-4l-Yy,68095
https://www.instagram.com/p/BmMT1v8FBI0,68072
https://www.instagram.com/p/Ce-_vVvL5mb,67965
https://www.instagram.com/p/B_AzOcnASeX,67880
https://www.instagram.com/p/CBd63pNgChE,67836
https://www.instagram.com/p/CShlMsOAEUx,67828
https://www.instagram.com/p/CadQZ2qsJ07,67812
https://www.instagram.com/p/CRTNN32B_-d,67749
https://www.instagram.com/p/CakZPAmAEQ7,67724
https://www.instagram.com/p/BwpO70gALxz,67688
https://www.instagram.com/p/BfJlS4sF8CI,67625
https://www.instagram.com/p/CVOikzzNuI4,67592
https://www.instagram.com/p/BheB0ulFxiF,67557
https://www.instagram.com/p/CJT3CiBAP9a,67543
https://www.instagram.com/p/CQJsrpQgHJV,67542
https://www.instagram.com/p/BnZ7ihdhwdJ,67440
https://www.instagram.com/p/CNa7Ccdnofp,67426
https://www.instagram.com/p/BqXnr0wA0Ay,67361
https://www.instagram.com/p/Bstf5ScAAXo,67347
https://www.instagram.com/p/Blty-U8BWzI,67270
https://www.instagram.com/p/CCsA7L-AMm4,67028
https://www.instagram.com/p/BtgWWMWIwSR,66991
https://www.instagram.com/p/BpitbsBhiHf,66881
https://www.instagram.com/p/B_2TbnLKoX-,66767
https://www.instagram.com/p/B9_4fMGAD4S,66759
https://www.instagram.com/p/CSPIaWaDhG3,66753
https://www.instagram.com/p/CROfaZNLXPL,66681
https://www.instagram.com/p/BtCa09_FuFl,66663
https://www.instagram.com/p/B35IIx3n3aF,66656
https://www.instagram.com/p/CBduHNeAVeK,66466
https://www.instagram.com/p/B_F2lxWgmiD,66410
https://www.instagram.com/p/CJMMYs_Ai95,66133
https://www.instagram.com/p/CPRHEBrFwHJ,65947
https://www.instagram.com/p/CdOaw6tLKzQ,65865
https://www.instagram.com/p/CTlE72pCYzt,65703
https://www.instagram.com/p/CLFQFyHgQKx,65687
https://www.instagram.com/p/CRRF6HwrrlD,65500
https://www.instagram.com/p/CY7bflBIUBT,65499
https://www.instagram.com/p/CQB1_TtAH2Q,65491
https://www.instagram.com/p/CWSnr2BgR4z,65481
https://www.instagram.com/p/CMaUgilgzKd,65428
https://www.instagram.com/p/BlY8-C3BxKj,65302
https://www.instagram.com/p/B0V5fLHg-Li,65075
https://www.instagram.com/p/CVCED5bKhMh,65023
https://www.instagram.com/p/BHs3tAZAWLL,65012
https://www.instagram.com/p/BsESC6dgQct,64894
https://www.instagram.com/p/BdcPYuulRt_,64801
https://www.instagram.com/p/Bc-DuqOlQXK,64782
https://www.instagram.com/p/BnywOjBlEse,64779
https://www.instagram.com/p/CUDEBv-o4od,64749
https://www.instagram.com/p/BN7iuMWgTbg,64715
https://www.instagram.com/p/CL-a4djleIR,64712
https://www.instagram.com/p/CEcMQojATlb,64652
https://www.instagram.com/p/CIyovTrgA1D,64643
https://www.instagram.com/p/CTxgP3QASzs,64559
https://www.instagram.com/p/CJHmB6Vl5T9,64475
https://www.instagram.com/p/CWLFJZ6AIVA,64468
https://www.instagram.com/p/CGA40B1g5fJ,64372
https://www.instagram.com/p/CTDJ2rJM4LI,64333
https://www.instagram.com/p/CQemV32gwsY,64262
https://www.instagram.com/p/CZ2Q8gdL0f6,64199
https://www.instagram.com/p/CPeN9UADkjA,64095
https://www.instagram.com/p/Bvpl0_WAE5U,64075
https://www.instagram.com/p/CctbP5kMl0g,64064
https://www.instagram.com/p/CQLyd5fLf56,63946
https://www.instagram.com/p/B-W85F7Asr8,63937
https://www.instagram.com/p/CPYnLHQrnoI,63921
https://www.instagram.com/p/CgfRP5DLqsp,63877
https://www.instagram.com/p/CPOvENpg-p0,63820
https://www.instagram.com/p/BdGO260nbss,63760
https://www.instagram.com/p/BsEQHH7n52e,63744
https://www.instagram.com/p/Bo6lx9MlriD,63700
https://www.instagram.com/p/CFIGV0xgjM9,63668
https://www.instagram.com/p/CYJYT3XgzQ1,63622
https://www.instagram.com/p/B-ZZmSUJhXi,63606
https://www.instagram.com/p/BmuCjw8hw72,63593
https://www.instagram.com/p/CQdqywMp7pe,63563
https://www.instagram.com/p/BneFX_YBrHi,63562
https://www.instagram.com/p/CGVZ7NrASow,63455
https://www.instagram.com/p/Bm82NsHByzO,63452
https://www.instagram.com/p/B0E_lpxgs-3,63383
https://www.instagram.com/p/BZl9v6YFStc,63274
https://www.instagram.com/p/CBer8LtjIcA,63213
https://www.instagram.com/p/-J1bVYBpY9,63101
https://www.instagram.com/p/BYGpmnUnY8z,63082
https://www.instagram.com/p/Bq1V677FwMT,63028
https://www.instagram.com/p/B6_GhiLoE5G,63019
https://www.instagram.com/p/Cey-FGmLEPk,62978
https://www.instagram.com/p/CTC4qLGD0IT,62806
https://www.instagram.com/p/BxFc58nFwpN,62569
https://www.instagram.com/p/CfgRQ0ojtzo,62557
https://www.instagram.com/p/CIT8rGIghp8,62490
https://www.instagram.com/p/CPBUqWXrQKC,62383
https://www.instagram.com/p/CbF8b7zAlwi,62287
https://www.instagram.com/p/BAgmYafr8Ui,62230
https://www.instagram.com/p/BAPuxeZvM_W,62200
https://www.instagram.com/p/BmGcvPShauI,62170
https://www.instagram.com/p/By8AFW2AzmT,62142
https://www.instagram.com/p/BkUjr6MlZ1l,62111
https://www.instagram.com/p/CQb45tMAXmi,62048
https://www.instagram.com/p/CX6lb-rvmtf,62043
https://www.instagram.com/p/CJ1mZGelybT,62020
https://www.instagram.com/p/Bno7xU_h1ke,61978
https://www.instagram.com/p/Cgo-C6-DxDA,61977
https://www.instagram.com/p/BqnbzL3nJdX,61908
https://www.instagram.com/p/CL91wtTAUwV,61853
https://www.instagram.com/p/B13Z4e-gaFl,61747
https://www.instagram.com/p/BBZ2H4sBpSr,61704
https://www.instagram.com/p/CUeu4dUL9h-,61647
https://www.instagram.com/p/BkiSbgQlATn,61637
https://www.instagram.com/p/BxoUNfmFBFr,61603
https://www.instagram.com/p/BkFaJ2OFxkT,61421
https://www.instagram.com/p/CCt58bCJOze,61410
https://www.instagram.com/p/BtuoyoFlENj,61149
https://www.instagram.com/p/Ce5vgsDLirW,61059
https://www.instagram.com/p/BfNwjtiFG0Q,61033
https://www.instagram.com/p/BsV3EzzADSU,61022
https://www.instagram.com/p/COiTrJogGGz,60983
https://www.instagram.com/p/B8CitjGHXVF,60969
https://www.instagram.com/p/BHtz2hRA5Jl,60952
https://www.instagram.com/p/CKT8iNDAf1I,60867
https://www.instagram.com/p/ypsaMphpdS,60830
https://www.instagram.com/p/CbYaLF1A9jI,60795
https://www.instagram.com/p/BzRYfxvCIUL,60716
https://www.instagram.com/p/CWWF4aKgHj6,60682
https://www.instagram.com/p/3wwhcGr8QZ,60678
https://www.instagram.com/p/CTFVeR5MQWZ,60651
https://www.instagram.com/p/B_Ni1bEAHYZ,60643
https://www.instagram.com/p/CREw-fXrmS6,60510
https://www.instagram.com/p/BiP98B7F-QY,60506
https://www.instagram.com/p/BvIKPA9l5t1,60462
https://www.instagram.com/p/BVdRGsUFUlk,60458
https://www.instagram.com/p/CZL_5c7qdgI,60448
https://www.instagram.com/p/3q2zmbPM9H,60396
https://www.instagram.com/p/CO5vtuEDHfs,60395
https://www.instagram.com/p/rxWPaaL8Zp,60337
https://www.instagram.com/p/Bz6ABfkntwp,60309
https://www.instagram.com/p/CbSrAXfAgMQ,60219
https://www.instagram.com/p/CUXpa9_qKOl,60182
https://www.instagram.com/p/CfMAAncrLGC,60158
https://www.instagram.com/p/4Uh32PPM6r,60141
https://www.instagram.com/p/BqYiiJDlryv,60125
https://www.instagram.com/p/B3zxcL1iwuy,60041
https://www.instagram.com/p/CDck48wAWvH,60040
https://www.instagram.com/p/B89lkPtgc0q,60005
https://www.instagram.com/p/BjvQ3qwBEKb,59963
https://www.instagram.com/p/6Syz7tCYv7,59923
https://www.instagram.com/p/B-z8BjjgiZb,59879
https://www.instagram.com/p/8qZqATiYuu,59842
https://www.instagram.com/p/BWGv3BWlPMe,59819
https://www.instagram.com/p/B-S6P4bAMV4,59691
https://www.instagram.com/p/CT0NhtYg25z,59564
https://www.instagram.com/p/zkDRlZvM7j,59505
https://www.instagram.com/p/BOXLs1bgPTS,59384
https://www.instagram.com/p/BfMZg2Glmq0,59381
https://www.instagram.com/p/CZSG-IcMiX2,59313
https://www.instagram.com/p/B-4diisg0GA,59310
https://www.instagram.com/p/5cc8qhCYjX,59266
https://www.instagram.com/p/CQk0O6TL-Gn,59265
https://www.instagram.com/p/ByYJiDJg-_a,59257
https://www.instagram.com/p/Ca5h0OZMv7D,59254
https://www.instagram.com/p/CKt3KKKg0oe,59240
https://www.instagram.com/p/BxK0XgeHzXl,59237
https://www.instagram.com/p/CXMiCKYslCZ,59229
https://www.instagram.com/p/BstZ_knl9Ue,59207
https://www.instagram.com/p/B9t8tu4KeYK,59184
https://www.instagram.com/p/CXt13whLoaO,59106
https://www.instagram.com/p/CQ__TQeLCZZ,59091
https://www.instagram.com/p/CAnlZUXKDGa,59086
https://www.instagram.com/p/BjQl0S2FWeP,59025
https://www.instagram.com/p/BueB8MnAR_Y,58982
https://www.instagram.com/p/CPYPBhRrVfe,58924
https://www.instagram.com/p/CGQYn4QgpeS,58833
https://www.instagram.com/p/ByswNqAgAaG,58759
https://www.instagram.com/p/BsoMwZFnhza,58737
https://www.instagram.com/p/CZPZuv4Bx9M,58709
https://www.instagram.com/p/nau9yxiYqv,58676
https://www.instagram.com/p/BBAt2VIvM8Y,58608
https://www.instagram.com/p/Brl7qzhlYuL,58569
https://www.instagram.com/p/Cc6K1xUrd29,58522
https://www.instagram.com/p/_XYjJML8as,58396
https://www.instagram.com/p/CKYz_kglKIc,58326
https://www.instagram.com/p/BlXWumyFczG,58324
https://www.instagram.com/p/CG56qTpH2LQ,58271
https://www.instagram.com/p/B4apv-qIrSe,58241
https://www.instagram.com/p/B_Zv3pSANgk,58235
https://www.instagram.com/p/CXMerI9Ly7G,58163
https://www.instagram.com/p/CHDmisNgJxr,58088
https://www.instagram.com/p/CBDKsSFAwMr,58006
https://www.instagram.com/p/CZR0KAUAZxv,57630
https://www.instagram.com/p/CY3W22HgrsF,57620
https://www.instagram.com/p/CVirl_-LsH-,57616
https://www.instagram.com/p/CbtBQw-gUtm,57612
https://www.instagram.com/p/CTurD1XMo40,57587
https://www.instagram.com/p/CWgt-S7seG7,57464
https://www.instagram.com/p/BxCljwiFN-F,57449
https://www.instagram.com/p/BzEB_TWAx0t,57441
https://www.instagram.com/p/BkhNrZnl2Jh,57400
https://www.instagram.com/p/CKi708wg3xg,57374
https://www.instagram.com/p/BpbVPqmBOvC,57373
https://www.instagram.com/p/BrqSV1UF6Il,57172
https://www.instagram.com/p/CdElAQjI057,57031
https://www.instagram.com/p/CP8hTklrLG_,56857
https://www.instagram.com/p/CJRS5IMq3CZ,56836
https://www.instagram.com/p/B_pd9mEiS4w,56797
https://www.instagram.com/p/CVN6iu6go8i,56780
https://www.instagram.com/p/CcTNfV7LHZC,56726
https://www.instagram.com/p/BamurrQlbQf,56712
https://www.instagram.com/p/COkuDxbAIJP,56711
https://www.instagram.com/p/CO6FrWzDthQ,56708
https://www.instagram.com/p/BBa1gDShpY5,56568
https://www.instagram.com/p/CQzrvwNHebx,56513
https://www.instagram.com/p/CVtiKdGsS9Q,56370
https://www.instagram.com/p/CZCq56sLaCu,56307
https://www.instagram.com/p/CJUIUOcABIV,56282
https://www.instagram.com/p/CB3ihP3ge07,56263
https://www.instagram.com/p/CKCRhWUK8g1,56245
https://www.instagram.com/p/BtJavlwFcwQ,56205
https://www.instagram.com/p/BlJNH-EFuyZ,56056
https://www.instagram.com/p/CG55NVbFkhu,55988
https://www.instagram.com/p/CNsSZPtAuQR,55957
https://www.instagram.com/p/BkeHFHsANRC,55883
https://www.instagram.com/p/CD_0_99Ae0O,55835
https://www.instagram.com/p/B8HvSnbnnbT,55803
https://www.instagram.com/p/Bno-PXflNFs,55746
https://www.instagram.com/p/BZHqi5_n_Vu,55711
https://www.instagram.com/p/Bk2_wNVh3Du,55706
https://www.instagram.com/p/ByAfsioCJ8f,55560
https://www.instagram.com/p/CWdrBG_gHEp,55508
https://www.instagram.com/p/BngMwVAFAl3,55489
https://www.instagram.com/p/COYjLgjAhWa,55415
https://www.instagram.com/p/CZMjLaqgvhc,55361
https://www.instagram.com/p/CaSmBSCLMx8,55232
https://www.instagram.com/p/CLKDwYvA_aN,55002
https://www.instagram.com/p/Bb4vm26HPuQ,54950
https://www.instagram.com/p/BQF52vDAESs,54932
https://www.instagram.com/p/BpiPs39hc7V,54852
https://www.instagram.com/p/CMdN8w7FmGK,54817
https://www.instagram.com/p/CRmTeaYJogJ,54813
https://www.instagram.com/p/CRhvLXjrDIy,54791
https://www.instagram.com/p/CbDH8IJABsF,54704
https://www.instagram.com/p/BtJOEUVg9qz,54691
https://www.instagram.com/p/B0goDQNA9kg,54659
https://www.instagram.com/p/Bnj_0pshTP6,54638
https://www.instagram.com/p/CbqJyikAGMB,54618
https://www.instagram.com/p/B6Do4htg1E1,54576
https://www.instagram.com/p/BwSGxgngGAW,54506
https://www.instagram.com/p/B1KIaKlAJ3q,54503
https://www.instagram.com/p/Bjum6kAgPI4,54477
https://www.instagram.com/p/CDjrU4nApM_,54466
https://www.instagram.com/p/CGyop6qg8CK,54427
https://www.instagram.com/p/CYH57tsgiUp,54293
https://www.instagram.com/p/BsJVugTAl7P,54285
https://www.instagram.com/p/BsD54_UAOVB,54228
https://www.instagram.com/p/BeDqqvgntKn,54217
https://www.instagram.com/p/B_uatydgeBW,54128
https://www.instagram.com/p/Cgr7kK5LW7z,54080
https://www.instagram.com/p/CLwtLG1lSJp,54046
https://www.instagram.com/p/BIDoHrGA2iy,53906
https://www.instagram.com/p/BjQSQTxlH1C,53888
https://www.instagram.com/p/CEmrg34h9tb,53885
https://www.instagram.com/p/By_HUCPibap,53822
https://www.instagram.com/p/BjBEXt4BYJC,53759
https://www.instagram.com/p/6XnowlBpU6,53665
https://www.instagram.com/p/CYCSSWUAB9T,53625
https://www.instagram.com/p/Baoqn9ploX5,53610
https://www.instagram.com/p/B-u0w9Xg1OJ,53609
https://www.instagram.com/p/Bh8mlj4FzyP,53606
https://www.instagram.com/p/B_5J4rYAafR,53473
https://www.instagram.com/p/Bo16sRrFGGJ,53448
https://www.instagram.com/p/BqlaXyrFpsb,53363
https://www.instagram.com/p/CUNjcOrAftN,53290
https://www.instagram.com/p/Bziq7f2C-jM,53277
https://www.instagram.com/p/BngmFXKn55K,53271
https://www.instagram.com/p/CIxcTpAgnH3,53053
https://www.instagram.com/p/Bwt33YNgXSu,53047
https://www.instagram.com/p/BtuUUoUFZpi,53002
https://www.instagram.com/p/CH5plUyr68v,52982
https://www.instagram.com/p/CZX3bV0v_OH,52959
https://www.instagram.com/p/BhB3OMCneO9,52956
https://www.instagram.com/p/81EDy9PMzD,52850
https://www.instagram.com/p/Bz3BsLSim4x,52834
https://www.instagram.com/p/CCPBEA0g3A1,52711
https://www.instagram.com/p/CSwtKkWMlVo,52707
https://www.instagram.com/p/4oBnCYiYmJ,52693
https://www.instagram.com/p/uY5f2ICYjM,52641
https://www.instagram.com/p/CO0kRSvrQXx,52621
https://www.instagram.com/p/CEVgLpyAHCp,52559
https://www.instagram.com/p/B6eZaiyAsna,52540
https://www.instagram.com/p/CKSMAOygWJk,52521
https://www.instagram.com/p/B9J60KHHPdr,52432
https://www.instagram.com/p/BEg3-TgvM0t,52427
https://www.instagram.com/p/CTiRtnPLE3b,52422
https://www.instagram.com/p/B9NPVQrpwU7,52410
https://www.instagram.com/p/CR1rwT5KqnN,52352
https://www.instagram.com/p/CQgsJWGg3AB,52175
https://www.instagram.com/p/B8ISDpxHWSS,52084
https://www.instagram.com/p/BoV6LM7B3ne,52063
https://www.instagram.com/p/CR3zV8rrQ8-,52052
https://www.instagram.com/p/CWDLgbkg2TM,52016
https://www.instagram.com/p/CHJ3D0Xg7qE,52002
https://www.instagram.com/p/CAD3qNvD0IP,51962
https://www.instagram.com/p/BVPhDfbl7ub,51862
https://www.instagram.com/p/CBtUjy7g_dZ,51826
https://www.instagram.com/p/B0ujHvbgxqw,51794
https://www.instagram.com/p/Bp9-SbBFNl1,51779
https://www.instagram.com/p/CU31TrHKOfn,51748
https://www.instagram.com/p/Bnc-HbsBiYW,51730
https://www.instagram.com/p/CW5ma4ys-_3,51557
https://www.instagram.com/p/BpQSHbHhihO,51530
https://www.instagram.com/p/Bupb8gBlY5c,51458
https://www.instagram.com/p/rZ_I6pL8Xr,51446
https://www.instagram.com/p/B9H-VrgAXjt,51415
https://www.instagram.com/p/CQmCbR-LTiu,51396
https://www.instagram.com/p/Cdd5KU7LYLK,51385
https://www.instagram.com/p/CB5nW18i90o,51383
https://www.instagram.com/p/CBGCJMtCj_d,51268
https://www.instagram.com/p/CaDiPHcPf_X,51193
https://www.instagram.com/p/BlUyXhUlwOY,51082
https://www.instagram.com/p/1QnuiYhpR2,51050
https://www.instagram.com/p/B12Vuagg9hU,51039
https://www.instagram.com/p/CWT_AqPMLsF,51010
https://www.instagram.com/p/CZN20K3LB6-,50979
https://www.instagram.com/p/CeCETk1LL9I,50976
https://www.instagram.com/p/BjSWR-glqhW,50971
https://www.instagram.com/p/B6ih0GeA22b,50873
https://www.instagram.com/p/BuXJorflk92,50820
https://www.instagram.com/p/BpT3PEKFiQ-,50813
https://www.instagram.com/p/B0JdzVKolD1,50708
https://www.instagram.com/p/Bzb4b1UgNOx,50695
https://www.instagram.com/p/CWkvKvPgKkc,50582
https://www.instagram.com/p/B_0EMJOgUkn,50348
https://www.instagram.com/p/CA9DkW-Aa4K,50346
https://www.instagram.com/p/CTSDEHRMEeb,50318
https://www.instagram.com/p/rxUH07L8WD,50315
https://www.instagram.com/p/B8ZQIINHAi1,50252
https://www.instagram.com/p/CRsIvtfriHO,50229
https://www.instagram.com/p/Ca-mvulAaOc,50215
https://www.instagram.com/p/B357b7xHN_0,50212
https://www.instagram.com/p/BkwX1pvAP9C,50207
https://www.instagram.com/p/BzB0n6XA04G,50200
https://www.instagram.com/p/B_rtD6GAigC,50178
https://www.instagram.com/p/CU8azbKonWY,50153
https://www.instagram.com/p/BndCkpHBHsk,50147
https://www.instagram.com/p/CP1SSYDLe7v,50142
https://www.instagram.com/p/clBXrUiYrg,50108
https://www.instagram.com/p/CVBO7FFAF8n,50033
https://www.instagram.com/p/ByqFwtIARGU,50018
https://www.instagram.com/p/BrQPx_EA8Ql,49966
https://www.instagram.com/p/CgKQU-3I1sA,49881
https://www.instagram.com/p/BQIvpDAAKN2,49879
https://www.instagram.com/p/BxoY1z4Habr,49834
https://www.instagram.com/p/CJXqzx5Ag2X,49831
https://www.instagram.com/p/BnNJ07qhBaG,49798
https://www.instagram.com/p/CUZtYlrsNl4,49694
https://www.instagram.com/p/CBbKHkWiEA1,49693
https://www.instagram.com/p/BtCefS0lHu8,49527
https://www.instagram.com/p/Bg6psRHFQre,49435
https://www.instagram.com/p/CIGnHwpAAbc,49398
https://www.instagram.com/p/BmOrAu3BCx1,49385
https://www.instagram.com/p/CW09CZdMdhi,49374
https://www.instagram.com/p/BcCxNeIl7bp,49344
https://www.instagram.com/p/Ce_3rSOLqEa,49329
https://www.instagram.com/p/BwgL5Aphr-f,49309
https://www.instagram.com/p/B7L-RuAgL0I,49248
https://www.instagram.com/p/ph8KSHvM-L,49236
https://www.instagram.com/p/BYTwfPVFVQY,49212
https://www.instagram.com/p/CVym4IXMFha,49196
https://www.instagram.com/p/BZDsxd9H6lw,49097
https://www.instagram.com/p/CFPoqPdAbtN,49070
https://www.instagram.com/p/BmHxhzFBnHz,49069
https://www.instagram.com/p/BpxFMjlgfsC,49028
https://www.instagram.com/p/BLnZ9ipAM3z,48985
https://www.instagram.com/p/Bt31HjrFitv,48954
https://www.instagram.com/p/BYsmSw-FjD9,48932
https://www.instagram.com/p/BmyuIUhB9up,48872
https://www.instagram.com/p/CCcvkQyAeuY,48785
https://www.instagram.com/p/BpILxSOl9zF,48777
https://www.instagram.com/p/Bzi11KOH2D2,48775
https://www.instagram.com/p/CCUBt9oiEPz,48747
https://www.instagram.com/p/BAurxXKhpWI,48631
https://www.instagram.com/p/BTKXNcfFuhJ,48618
https://www.instagram.com/p/Be0I2ySjMBz,48588
https://www.instagram.com/p/Cbku6vkAiGG,48548
https://www.instagram.com/p/B2GAvIogT0K,48548
https://www.instagram.com/p/BztS89PnwLD,48532
https://www.instagram.com/p/By8I-cwiTbe,48526
https://www.instagram.com/p/Be_KLk3ngar,48520
https://www.instagram.com/p/CPwJE86AoSX,48511
https://www.instagram.com/p/BfYcUiMHHKz,48492
https://www.instagram.com/p/ByV_micgFj5,48479
https://www.instagram.com/p/CO0Ei2TgDtL,48471
https://www.instagram.com/p/xxJg8bhpW8,48102
https://www.instagram.com/p/B4nW58yAVMn,48098
https://www.instagram.com/p/ByjIYDUgE45,48035
https://www.instagram.com/p/BmqDno9lUAv,48014
https://www.instagram.com/p/CCwAb-8AwB6,48007
https://www.instagram.com/p/CNTQykWrrW2,47963
https://www.instagram.com/p/CZhN376MosW,47950
https://www.instagram.com/p/Bsq3YzolLk_,47917
https://www.instagram.com/p/Bnz7bqdh528,47916
https://www.instagram.com/p/Bv9uNcsFFym,47888
https://www.instagram.com/p/s-lKf6iYua,47826
https://www.instagram.com/p/CSq-Godr5if,47787
https://www.instagram.com/p/B4Qsz-WlM7t,47785
https://www.instagram.com/p/BufWuhgFD5W,47737
https://www.instagram.com/p/CR2SVRVLJa7,47716
https://www.instagram.com/p/CY3iEK2sC5D,47693
https://www.instagram.com/p/BdDA7JJBGJK,47690
https://www.instagram.com/p/CD6A4RlAVbG,47688
https://www.instagram.com/p/BccGpnTlUkF,47682
https://www.instagram.com/p/BiPOqRjgyLU,47673
https://www.instagram.com/p/CQtZ6bRrdrH,47653
https://www.instagram.com/p/_4i_HThpdp,47626
https://www.instagram.com/p/BKdwGjGA65Q,47593
https://www.instagram.com/p/CGTl4ZfAALH,47577
https://www.instagram.com/p/COgWH7jptNN,47567
https://www.instagram.com/p/6KpytYCYu4,47556
https://www.instagram.com/p/B2LGAprgVdC,47493
https://www.instagram.com/p/Bj_VaN_A1DH,47420
https://www.instagram.com/p/B3POaSTAKDK,47408
https://www.instagram.com/p/CLuNZiEA4EN,47376
https://www.instagram.com/p/CXPhdNbDPBt,47304
https://www.instagram.com/p/B7zMrzTC6nU,47242
https://www.instagram.com/p/BTgEdHRlbpM,47239
https://www.instagram.com/p/CbCi6yNA_s_,47235
https://www.instagram.com/p/CHzbBCgAfbq,47215
https://www.instagram.com/p/CRF-K1QD7e_,47211
https://www.instagram.com/p/CGOiFrbgkb1,47193
https://www.instagram.com/p/CUqAxzAA0JK,47183
https://www.instagram.com/p/B0W1CmjHhR0,47150
https://www.instagram.com/p/BU5jzL2l_uZ,47135
https://www.instagram.com/p/BnqKdyRFL0-,47102
https://www.instagram.com/p/B98nknmAE64,47096
https://www.instagram.com/p/Bl5Ry3xF7PR,47080
https://www.instagram.com/p/CKzlD90gauY,46981
https://www.instagram.com/p/COAUqeUKK4U,46948
https://www.instagram.com/p/BuKYlV8l6M6,46937
https://www.instagram.com/p/BvKYcVSFwWJ,46909
https://www.instagram.com/p/CFaCvCIg0BC,46890
https://www.instagram.com/p/CQUGbZEA2iO,46845
https://www.instagram.com/p/Bxp27mxnbK0,46803
https://www.instagram.com/p/CAYMtDjAPGq,46743
https://www.instagram.com/p/BygXk8eAdFA,46709
https://www.instagram.com/p/BjcVfOHFT32,46674
https://www.instagram.com/p/B3ggPVsgC0E,46643
https://www.instagram.com/p/BmaAW9BBDEa,46529
https://www.instagram.com/p/CM8EecQA6Z4,46427
https://www.instagram.com/p/BcSYZtlltfk,46303
https://www.instagram.com/p/CCdYXYCgiA2,46201
https://www.instagram.com/p/BhccrGCh2Wh,46195
https://www.instagram.com/p/CWYvs7pjkIS,46171
https://www.instagram.com/p/BvOaRUSAiua,46121
https://www.instagram.com/p/CZNA6y7McsX,46115
https://www.instagram.com/p/B2PxisJA1SM,46030
https://www.instagram.com/p/3mnWQqvMx8,46029
https://www.instagram.com/p/BphQbCPAjLq,46012
https://www.instagram.com/p/5uAxHBMoBN,45982
https://www.instagram.com/p/BkVZNfngcrr,45981
https://www.instagram.com/p/BuclrA8FoAl,45975
https://www.instagram.com/p/Bi7ly2vFJmA,45963
https://www.instagram.com/p/yIrkmur8fX,45956
https://www.instagram.com/p/CUxMyKPoo3Q,45936
https://www.instagram.com/p/B_qsNxoFKxr,45906
https://www.instagram.com/p/BHsuSNIAODS,45853
https://www.instagram.com/p/CCOsZEpgqV-,45803
https://www.instagram.com/p/COv6BW-AIsy,45790
https://www.instagram.com/p/CJeaImBAHWd,45779
https://www.instagram.com/p/BzDUCq1gFA1,45744
https://www.instagram.com/p/CaJ7eiWDfh8,45731
https://www.instagram.com/p/BxBXV8thsuP,45706
https://www.instagram.com/p/CAvNhu7AZ78,45702
https://www.instagram.com/p/BhhHJzehG8u,45696
https://www.instagram.com/p/BzEbfqzADcN,45583
https://www.instagram.com/p/BwzC96LggFK,45578
https://www.instagram.com/p/CcBZ55WvtLR,45576
https://www.instagram.com/p/BiaW8rnlXQF,45561
https://www.instagram.com/p/CU19NguAvLR,45529
https://www.instagram.com/p/CShOjawHmbY,45493
https://www.instagram.com/p/vGkAHgiYsY,45460
https://www.instagram.com/p/CCE2IQwAwME,45443
https://www.instagram.com/p/BhWLHnHFw6R,45438
https://www.instagram.com/p/B2kRFl9I3dk,45387
https://www.instagram.com/p/BiNMiSangVh,45348
https://www.instagram.com/p/CWJOSIMrjAZ,45323
https://www.instagram.com/p/B_5hegjDlTy,45313
https://www.instagram.com/p/Bl6DS1OFIgk,45259
https://www.instagram.com/p/Byg76QzI2Fy,45189
https://www.instagram.com/p/Bpl766pAXeG,45162
https://www.instagram.com/p/CdJwV-iI8tF,45157
https://www.instagram.com/p/CKTNSO1AYap,45150
https://www.instagram.com/p/BofLWmFnW8X,45061
https://www.instagram.com/p/BF0cGMbL8Wc,45049
https://www.instagram.com/p/B45lKffgDLr,45021
https://www.instagram.com/p/BvSszTFFxXT,44927
https://www.instagram.com/p/B4HpQpFgc9z,44927
https://www.instagram.com/p/Bm8Evn7laEC,44872
https://www.instagram.com/p/CLP8_G5FUqu,44872
https://www.instagram.com/p/CK7hvpZgt2J,44837
https://www.instagram.com/p/CBX9Geeiaws,44820
https://www.instagram.com/p/Bp9aHezAayw,44798
https://www.instagram.com/p/BuHzo9CA9Zo,44798
https://www.instagram.com/p/B0GOjxmA60z,44789
https://www.instagram.com/p/Bbz05g4Fqmv,44786
https://www.instagram.com/p/CO5zSuIgqpY,44778
https://www.instagram.com/p/CMuldtNlsmJ,44725
https://www.instagram.com/p/B1BVgO8i05Y,44689
https://www.instagram.com/p/CCQ9U3fABUZ,44682
https://www.instagram.com/p/BpInE_whmEM,44660
https://www.instagram.com/p/BZMMRIMlVao,44554
https://www.instagram.com/p/CA-KLrKAFR7,44551
https://www.instagram.com/p/BmodcK1FVYD,44500
https://www.instagram.com/p/B74Hwmkg_Dp,44479
https://www.instagram.com/p/u6H4Hfr8fg,44458
https://www.instagram.com/p/Br4sCU-gY51,44454
https://www.instagram.com/p/BjBntrKhpc1,44396
https://www.instagram.com/p/CIlvPsOA8j3,44380
https://www.instagram.com/p/CYhOyD0vFfB,44372
https://www.instagram.com/p/-WfA46BpWQ,44350
https://www.instagram.com/p/xSMX9uvMx0,44341
https://www.instagram.com/p/B8_zIrpHKhO,44333
https://www.instagram.com/p/Bt49dZOgFhQ,44300
https://www.instagram.com/p/B84gNfDijks,44293
https://www.instagram.com/p/CeiuVBIL-93,44282
https://www.instagram.com/p/CTNfWbMAsgj,44243
https://www.instagram.com/p/BxJS7XfhRbM,44218
https://www.instagram.com/p/BqLo9WBllfS,44192
https://www.instagram.com/p/B45mQhICDwe,44177
https://www.instagram.com/p/CbgQwOwMgUx,44167
https://www.instagram.com/p/BUmiZMQFjjA,44162
https://www.instagram.com/p/B3Ez92Xj8B9,44125
https://www.instagram.com/p/BYLE2kRFAiG,44109
https://www.instagram.com/p/CSeReX8A9P2,44083
https://www.instagram.com/p/B8g-X9GCqAz,44075
https://www.instagram.com/p/CRT728dL7TW,44063
https://www.instagram.com/p/BdATA4hFPx2,44058
https://www.instagram.com/p/CeWTruGMTDU,44045
https://www.instagram.com/p/CKupIvfF_FD,44031
https://www.instagram.com/p/BlV2gZVlneV,44028
https://www.instagram.com/p/CDJzqzRi6-U,44019
https://www.instagram.com/p/B_XXFW3g_jz,43952
https://www.instagram.com/p/BkT9MK0Ac2Q,43919
https://www.instagram.com/p/Bkt3IwKAQQ1,43916
https://www.instagram.com/p/CO0hv2VKNep,43907
https://www.instagram.com/p/CQG5fQzAt6x,43885
https://www.instagram.com/p/BlGlY_OhJa4,43849
https://www.instagram.com/p/BQxjGbHF97m,43840
https://www.instagram.com/p/CdjdRavIF4N,43830
https://www.instagram.com/p/CMKMC-5gpRZ,43816
https://www.instagram.com/p/CXBKzKmsfm8,43801
https://www.instagram.com/p/CU8pTNojL_5,43775
https://www.instagram.com/p/CB39x7Wgkh5,43767
https://www.instagram.com/p/BhXMfOGnD61,43733
https://www.instagram.com/p/B3r6QdRiM2H,43712
https://www.instagram.com/p/BsdQmprgrHY,43704
https://www.instagram.com/p/CVQadwhMMeb,43683
https://www.instagram.com/p/B8e_jhpnXRN,43648
https://www.instagram.com/p/BoZWTLkFfJa,43647
https://www.instagram.com/p/BdYwZ4XlOLs,43599
https://www.instagram.com/p/BwF2mPegDBF,43566
https://www.instagram.com/p/Bwn3h1YBimX,43512
https://www.instagram.com/p/Bh3ygMsH3fU,43441
https://www.instagram.com/p/6qYoL_L8b7,43415
https://www.instagram.com/p/CXG-Ny9gh8D,43407
https://www.instagram.com/p/CLWqFOuArO5,43401
https://www.instagram.com/p/CYUOMvZp4Y-,43374
https://www.instagram.com/p/B9ZXSKggRP_,43334
https://www.instagram.com/p/CbdMBRAAZjU,43282
https://www.instagram.com/p/Bt9z6Q-g0tk,43268
https://www.instagram.com/p/Bq3pDG1FRC1,43245
https://www.instagram.com/p/BYL7Vt9lcRR,43214
https://www.instagram.com/p/Bggst_ilUUS,43170
https://www.instagram.com/p/BruxFMGAa0B,43160
https://www.instagram.com/p/B5vuHHAAodt,43143
https://www.instagram.com/p/CUnHXVEICRW,43117
https://www.instagram.com/p/B5jAxl4qz5G,43113
https://www.instagram.com/p/B0hWEaKAa1x,43078
https://www.instagram.com/p/BjKcMhHlrpK,43046
https://www.instagram.com/p/B4PJx8zoA7I,43008
https://www.instagram.com/p/BxsTtb4JbNQ,43004
https://www.instagram.com/p/BtlPGcAl5LI,42953
https://www.instagram.com/p/Byzf6imgA6u,42940
https://www.instagram.com/p/CTz7VMDMksY,42936
https://www.instagram.com/p/CUNhp63JR4F,42866
https://www.instagram.com/p/CBNb0POASO7,42849
https://www.instagram.com/p/1g3vsSL8Rc,42839
https://www.instagram.com/p/CMvAfsnHP-p,42798
https://www.instagram.com/p/BsNb1_wADf9,42788
https://www.instagram.com/p/B-WwreSiaL7,42776
https://www.instagram.com/p/BenMIU0HlBQ,42772
https://www.instagram.com/p/B51zD9dgYKH,42755
https://www.instagram.com/p/BtUO6sZAzTX,42744
https://www.instagram.com/p/xmuwZTr8cs,42739
https://www.instagram.com/p/B0EEd1KgNMn,42729
https://www.instagram.com/p/Bnz6R4hBTCH,42724
https://www.instagram.com/p/ynnKiVr8Zq,42651
https://www.instagram.com/p/B_7mXNYqJOn,42614
https://www.instagram.com/p/CdWTAaCrc_V,42601
https://www.instagram.com/p/BLy657RDTpo,42584
https://www.instagram.com/p/CDHy0kDgVuM,42575
https://www.instagram.com/p/BeQoNBgBKTb,42514
https://www.instagram.com/p/CeGrBSEgDC5,42510
https://www.instagram.com/p/CBWgqycje-h,42497
https://www.instagram.com/p/CQ_7KJ_DPqb,42449
https://www.instagram.com/p/BxqSowrpKOR,42401
https://www.instagram.com/p/Bp0YuHXAJe9,42397
https://www.instagram.com/p/CJB3HlcA8bM,42312
https://www.instagram.com/p/3ogx1RPM28,42252
https://www.instagram.com/p/CFE7Nh9iSmV,42232
https://www.instagram.com/p/CNFPH4ugB89,42218
https://www.instagram.com/p/BommsinFjfG,42165
https://www.instagram.com/p/CDJ_C6ggAn0,42118
https://www.instagram.com/p/BkvXNTEgoef,42104
https://www.instagram.com/p/CC4WKbLg2sM,42074
https://www.instagram.com/p/CelprZKrny4,42048
https://www.instagram.com/p/B3IY-JSC-4n,42023
https://www.instagram.com/p/CDjATEJgR2M,42020
https://www.instagram.com/p/B6lfjwdgbPG,41997
https://www.instagram.com/p/B5ygR1uiG-q,41980
https://www.instagram.com/p/Bf79nL_l9iQ,41963
https://www.instagram.com/p/ByqLWj4H4hM,41949
